{
    "IPC_evaluation": {
        "MSE": 0.01889824445635737,
        "RMSE": 0.13747088584990413
    },
    "APC_evaluation": {
        "MSE": 0.022253685536961446,
        "RMSE": 0.1491766923381848
    }
}