{
    "IPC_evaluation": {
        "MSE": 0.002717322519233611,
        "RMSE": 0.052127943746455324
    },
    "APC_evaluation": {
        "MSE": 0.01560633197377829,
        "RMSE": 0.1249253055780865
    }
}