,KS Statistic,p-value
Pregnancies,0.12,0.11228360286766195
Glucose,0.065,0.7933622419382523
BloodPressure,0.145,0.0297148244707607
SkinThickness,0.205,0.0004306111484986726
Insulin,0.285,1.4639479233432268e-07
BMI,0.07,0.7125821300149116
DiabetesPedigreeFunction,0.175,0.004304993380033157
Age,0.12,0.11228360286766195
Outcome,0.0,1.0
