Feature,Intensity,Original AUC,Shifted AUC,Original Accuracy,Shifted Accuracy,KS Statistic,KS p-value
Glucose,0.3,0.8886998298468622,0.8678810929836853,0.81,0.81,0.05,0.9646522162314058
Pregnancies,0.5,0.8886998298468622,0.892503252927635,0.81,0.82,0.115,0.1420746514551761
DiabetesPedigreeFunction,0.2,0.8886998298468622,0.8903012711440296,0.81,0.8,0.06,0.8655265369450457
Insulin,0.4,0.8886998298468622,0.8866980282254029,0.81,0.805,0.3,2.4125498977354686e-08
