{
    "1": {
        "99": [],
        "98": [],
        "97": [],
        "96": [],
        "95": [],
        "94": [],
        "93": [],
        "92": [],
        "91": [],
        "90": [],
        "89": [],
        "88": [],
        "87": [],
        "86": [],
        "85": [],
        "84": [],
        "83": [],
        "82": [],
        "81": [],
        "80": [
            {
                "id": 8,
                "path": [
                    "*",
                    "Age <= -0.8201243877410889",
                    "BloodPressure > 0.4599476158618927",
                    "Pregnancies > -0.8362943232059479"
                ],
                "value": 0.48868719059973953,
                "metrics": {
                    "Auc": NaN,
                    "Accuracy": 1.0,
                    "BalancedAccuracy": NaN,
                    "Node%": 50.0,
                    "Population%": 3.4482758620689653,
                    "Mean confidence level": 48.868719059973955,
                    "Positive%": 0.0
                },
                "detectron_results": null
            }
        ],
        "79": [],
        "78": [],
        "77": [],
        "76": [],
        "75": [],
        "74": [],
        "73": [],
        "72": [],
        "71": [],
        "70": [],
        "69": [],
        "68": [],
        "67": [
            {
                "id": 15,
                "path": [
                    "*",
                    "Age > -0.8201243877410889",
                    "Glucose > -1.1250337362289429",
                    "BMI > -0.882927417755127"
                ],
                "value": 0.5832035504995535,
                "metrics": {
                    "Auc": 1.0,
                    "Accuracy": 1.0,
                    "BalancedAccuracy": 1.0,
                    "Node%": 56.94444444444444,
                    "Population%": 62.06896551724138,
                    "Mean confidence level": 58.32035504995535,
                    "Positive%": 63.41463414634146
                },
                "detectron_results": null
            }
        ],
        "66": [],
        "65": [],
        "64": [],
        "63": [],
        "62": [],
        "61": [],
        "60": [],
        "59": [],
        "58": [],
        "57": [],
        "56": [],
        "55": [],
        "54": [],
        "53": [],
        "52": [],
        "51": [],
        "50": [],
        "49": [],
        "48": [],
        "47": [],
        "46": [],
        "45": [],
        "44": [],
        "43": [],
        "42": [],
        "41": [],
        "40": [],
        "39": [],
        "38": [],
        "37": [],
        "36": [],
        "35": [],
        "34": [],
        "33": [],
        "31": [],
        "30": [],
        "29": [],
        "28": [
            {
                "id": 5,
                "path": [
                    "*",
                    "Age <= -0.8201243877410889",
                    "BloodPressure <= 0.4599476158618927",
                    "BMI > 0.14760887809097767"
                ],
                "value": 0.6964677719585597,
                "metrics": {
                    "Auc": 1.0,
                    "Accuracy": 1.0,
                    "BalancedAccuracy": 1.0,
                    "Node%": 50.0,
                    "Population%": 3.4482758620689653,
                    "Mean confidence level": 69.64677719585598,
                    "Positive%": 50.0
                },
                "detectron_results": null
            }
        ],
        "26": [],
        "25": [],
        "24": [
            {
                "id": 7,
                "path": [
                    "*",
                    "Age <= -0.8201243877410889",
                    "BloodPressure > 0.4599476158618927",
                    "Pregnancies <= -0.8362943232059479"
                ],
                "value": 0.7195086378231644,
                "metrics": {
                    "Auc": NaN,
                    "Accuracy": 1.0,
                    "BalancedAccuracy": NaN,
                    "Node%": 50.0,
                    "Population%": 1.7241379310344827,
                    "Mean confidence level": 71.95086378231645,
                    "Positive%": 0.0
                },
                "detectron_results": null
            },
            {
                "id": 6,
                "path": [
                    "*",
                    "Age <= -0.8201243877410889",
                    "BloodPressure > 0.4599476158618927"
                ],
                "value": 0.5656276730075479,
                "metrics": {
                    "Auc": NaN,
                    "Accuracy": 1.0,
                    "BalancedAccuracy": NaN,
                    "Node%": 16.666666666666668,
                    "Population%": 5.172413793103448,
                    "Mean confidence level": 71.95086378231645,
                    "Positive%": 0.0
                },
                "detectron_results": null
            }
        ],
        "23": [],
        "22": [
            {
                "id": 14,
                "path": [
                    "*",
                    "Age > -0.8201243877410889",
                    "Glucose > -1.1250337362289429",
                    "BMI <= -0.882927417755127"
                ],
                "value": 0.7318446344350066,
                "metrics": {
                    "Auc": NaN,
                    "Accuracy": 1.0,
                    "BalancedAccuracy": NaN,
                    "Node%": 71.42857142857143,
                    "Population%": 6.0344827586206895,
                    "Mean confidence level": 73.18446344350066,
                    "Positive%": 0.0
                },
                "detectron_results": null
            },
            {
                "id": 13,
                "path": [
                    "*",
                    "Age > -0.8201243877410889",
                    "Glucose > -1.1250337362289429"
                ],
                "value": 0.5963742794558592,
                "metrics": {
                    "Auc": NaN,
                    "Accuracy": 1.0,
                    "BalancedAccuracy": NaN,
                    "Node%": 6.329113924050633,
                    "Population%": 68.10344827586206,
                    "Mean confidence level": 73.18446344350066,
                    "Positive%": 0.0
                },
                "detectron_results": null
            }
        ],
        "21": [],
        "20": [],
        "19": [],
        "17": [],
        "16": [
            {
                "id": 11,
                "path": [
                    "*",
                    "Age > -0.8201243877410889",
                    "Glucose <= -1.1250337362289429",
                    "DiabetesPedigreeFunction <= 2.3453876972198486"
                ],
                "value": 0.7690377402678132,
                "metrics": {
                    "Auc": NaN,
                    "Accuracy": 1.0,
                    "BalancedAccuracy": NaN,
                    "Node%": 50.0,
                    "Population%": 6.896551724137931,
                    "Mean confidence level": 76.90377402678132,
                    "Positive%": 0.0
                },
                "detectron_results": null
            },
            {
                "id": 10,
                "path": [
                    "*",
                    "Age > -0.8201243877410889",
                    "Glucose <= -1.1250337362289429"
                ],
                "value": 0.7393851762844457,
                "metrics": {
                    "Auc": NaN,
                    "Accuracy": 1.0,
                    "BalancedAccuracy": NaN,
                    "Node%": 44.44444444444444,
                    "Population%": 7.758620689655173,
                    "Mean confidence level": 76.90377402678132,
                    "Positive%": 0.0
                },
                "detectron_results": null
            },
            {
                "id": 9,