{
    "threshold": -0.47749535739421844,
    "feature": "Age",
    "feature_id": 7,
    "node_id": 1,
    "path": [
        "*"
    ],
    "c_left": {
        "threshold": 0.6792868375778198,
        "feature": "BMI",
        "feature_id": 5,
        "node_id": 2,
        "path": [
            "*",
            "Age <= -0.47749535739421844"
        ],
        "c_left": {
            "threshold": 0.4599476158618927,
            "feature": "BloodPressure",
            "feature_id": 2,
            "node_id": 3,
            "path": [
                "*",
                "Age <= -0.47749535739421844",
                "BMI <= 0.6792868375778198"
            ],
            "c_left": {
                "threshold": null,
                "feature": null,
                "feature_id": null,
                "node_id": 4,
                "path": [
                    "*",
                    "Age <= -0.47749535739421844",
                    "BMI <= 0.6792868375778198",
                    "BloodPressure <= 0.4599476158618927"
                ]
            },
            "c_right": {
                "threshold": null,
                "feature": null,
                "feature_id": null,
                "node_id": 5,
                "path": [
                    "*",
                    "Age <= -0.47749535739421844",
                    "BMI <= 0.6792868375778198",
                    "BloodPressure > 0.4599476158618927"
                ]
            }
        },
        "c_right": {
            "threshold": -0.8278111517429352,
            "feature": "DiabetesPedigreeFunction",
            "feature_id": 6,
            "node_id": 6,
            "path": [
                "*",
                "Age <= -0.47749535739421844",
                "BMI > 0.6792868375778198"
            ],
            "c_left": {
                "threshold": null,
                "feature": null,
                "feature_id": null,
                "node_id": 7,
                "path": [
                    "*",
                    "Age <= -0.47749535739421844",
                    "BMI > 0.6792868375778198",
                    "DiabetesPedigreeFunction <= -0.8278111517429352"
                ]
            },
            "c_right": {
                "threshold": null,
                "feature": null,
                "feature_id": null,
                "node_id": 8,
                "path": [
                    "*",
                    "Age <= -0.47749535739421844",
                    "BMI > 0.6792868375778198",
                    "DiabetesPedigreeFunction > -0.8278111517429352"
                ]
            }
        }
    },
    "c_right": {
        "threshold": -0.7381493747234344,
        "feature": "Glucose",
        "feature_id": 1,
        "node_id": 9,
        "path": [
            "*",
            "Age > -0.47749535739421844"
        ],
        "c_left": {
            "threshold": 1.7967709302902222,
            "feature": "DiabetesPedigreeFunction",
            "feature_id": 6,
            "node_id": 10,
            "path": [
                "*",
                "Age > -0.47749535739421844",
                "Glucose <= -0.7381493747234344"
            ],
            "c_left": {
                "threshold": null,
                "feature": null,
                "feature_id": null,
                "node_id": 11,
                "path": [
                    "*",
                    "Age > -0.47749535739421844",
                    "Glucose <= -0.7381493747234344",
                    "DiabetesPedigreeFunction <= 1.7967709302902222"
                ]
            },
            "c_right": {
                "threshold": null,
                "feature": null,
                "feature_id": null,
                "node_id": 12,
                "path": [
                    "*",
                    "Age > -0.47749535739421844",
                    "Glucose <= -0.7381493747234344",
                    "DiabetesPedigreeFunction > 1.7967709302902222"
                ]
            }
        },
        "c_right": {
            "threshold": -0.9229855537414551,
            "feature": "BloodPressure",
            "feature_id": 2,
            "node_id": 13,
            "path": [
                "*",
                "Age > -0.47749535739421844",
                "Glucose > -0.7381493747234344"
            ],
            "c_left": {
                "threshold": null,
                "feature": null,
                "feature_id": null,
                "node_id": 14,
                "path": [
                    "*",
                    "Age > -0.47749535739421844",
                    "Glucose > -0.7381493747234344",
                    "BloodPressure <= -0.9229855537414551"
                ]
            },
            "c_right": {
                "threshold": null,
                "feature": null,
                "feature_id": null,
                "node_id": 15,
                "path": [
                    "*",
                    "Age > -0.47749535739421844",
                    "Glucose > -0.7381493747234344",
                    "BloodPressure > -0.9229855537414551"
                ]
            }
        }
    },
    "features": [
        "Pregnancies",
        "Glucose",
        "BloodPressure",
        "SkinThickness",
        "Insulin",
        "BMI",
        "DiabetesPedigreeFunction",
        "Age"
    ]
}