{
    "reference": {
        "Auc": 0.8214399490283529,
        "Accuracy": 0.7844827586206896
    },
    "test": {
        "Auc": 0.6473399171710735,
        "Accuracy": 0.5862068965517241
    }
}