{
    "reference": {
        "Auc": 0.8214399490283529,
        "Accuracy": 0.7844827586206896
    },
    "test": {
        "Auc": 0.8212806626314112,
        "Accuracy": 0.7758620689655172
    }
}