{
    "reference": {
        "Auc": 0.8214399490283529,
        "Accuracy": 0.7844827586206896
    },
    "test": {
        "Auc": 0.5880853775087608,
        "Accuracy": 0.5775862068965517
    }
}