{
    "reference": {
        "Auc": 0.8214399490283529,
        "Accuracy": 0.7844827586206896
    },
    "test": {
        "Auc": 0.7323988531379421,
        "Accuracy": 0.6982758620689655
    }
}