{
    "1": {
        "99": [],
        "98": [],
        "97": [],
        "96": [],
        "95": [],
        "94": [],
        "93": [],
        "92": [],
        "91": [],
        "90": [],
        "89": [],
        "88": [],
        "87": [],
        "86": [],
        "85": [
            {
                "id": 7,
                "path": [
                    "*",
                    "Age <= -0.47749535739421844",
                    "BloodPressure > 0.4599476158618927",
                    "DiabetesPedigreeFunction <= -0.13127946853637695"
                ],
                "value": 0.4841146531434996,
                "metrics": {
                    "Auc": 1.0,
                    "Accuracy": 1.0,
                    "BalancedAccuracy": 1.0,
                    "Node%": 42.857142857142854,
                    "Population%": 6.0344827586206895,
                    "Mean confidence level": 48.41146531434996,
                    "Positive%": 33.33333333333333
                },
                "detectron_results": null
            }
        ],
        "84": [],
        "82": [],
        "81": [],
        "80": [],
        "79": [],
        "78": [],
        "77": [],
        "76": [],
        "75": [],
        "74": [],
        "73": [],
        "72": [],
        "71": [],
        "70": [],
        "69": [],
        "68": [],
        "67": [],
        "66": [],
        "65": [],
        "64": [],
        "63": [
            {
                "id": 15,
                "path": [
                    "*",
                    "Age > -0.47749535739421844",
                    "Glucose > -1.1047597527503967",
                    "BMI > -0.6403318643569946"
                ],
                "value": 0.5542753331046903,
                "metrics": {
                    "Auc": NaN,
                    "Accuracy": NaN,
                    "BalancedAccuracy": NaN,
                    "Node%": 0.0,
                    "Population%": 45.689655172413794,
                    "Mean confidence level": NaN,
                    "Positive%": NaN
                },
                "detectron_results": null
            }
        ],
        "62": [],
        "61": [],
        "60": [],
        "59": [],
        "58": [],
        "57": [],
        "56": [],
        "55": [],
        "54": [],
        "53": [],
        "52": [],
        "51": [],
        "50": [],
        "49": [],
        "48": [],
        "47": [],
        "46": [],
        "45": [],
        "44": [],
        "42": [],
        "41": [],
        "40": [],
        "39": [],
        "38": [],
        "37": [
            {
                "id": 8,
                "path": [
                    "*",
                    "Age <= -0.47749535739421844",
                    "BloodPressure > 0.4599476158618927",
                    "DiabetesPedigreeFunction > -0.13127946853637695"
                ],
                "value": 0.6501905291676521,
                "metrics": {
                    "Auc": NaN,
                    "Accuracy": 1.0,
                    "BalancedAccuracy": NaN,
                    "Node%": 80.0,
                    "Population%": 4.310344827586207,
                    "Mean confidence level": 63.77922936417162,
                    "Positive%": 0.0
                },
                "detectron_results": null
            },
            {
                "id": 6,
                "path": [
                    "*",
                    "Age <= -0.47749535739421844",
                    "BloodPressure > 0.4599476158618927"
                ],
                "value": 0.5533129348202298,
                "metrics": {
                    "Auc": NaN,
                    "Accuracy": 1.0,
                    "BalancedAccuracy": NaN,
                    "Node%": 33.333333333333336,
                    "Population%": 10.344827586206897,
                    "Mean confidence level": 63.77922936417162,
                    "Positive%": 0.0
                },
                "detectron_results": null
            }
        ],
        "36": [],
        "35": [
            {
                "id": 14,
                "path": [
                    "*",
                    "Age > -0.47749535739421844",
                    "Glucose > -1.1047597527503967",
                    "BMI <= -0.6403318643569946"
                ],
                "value": 0.6591955674812198,
                "metrics": {
                    "Auc": 1.0,
                    "Accuracy": 1.0,
                    "BalancedAccuracy": 1.0,
                    "Node%": 85.71428571428571,
                    "Population%": 6.0344827586206895,
                    "Mean confidence level": 64.36284723815818,
                    "Positive%": 16.666666666666664
                },
                "detectron_results": null
            },
            {
                "id": 13,
                "path": [
                    "*",
                    "Age > -0.47749535739421844",
                    "Glucose > -1.1047597527503967"
                ],
                "value": 0.5665160271152855,
                "metrics": {
                    "Auc": 1.0,
                    "Accuracy": 1.0,
                    "BalancedAccuracy": 1.0,
                    "Node%": 10.0,
                    "Population%": 51.724137931034484,
                    "Mean confidence level": 64.36284723815818,
                    "Positive%": 16.666666666666664
                },
                "detectron_results": null
            }
        ],
        "34": [],
        "33": [],
        "31": [
            {
                "id": 11,
                "path": [
                    "*",
                    "Age > -0.47749535739421844",
                    "Glucose <= -1.1047597527503967",
                    "BMI <= 0.30946674942970276"
                ],
                "value": 0.6693304148564736,
                "metrics": {
                    "Auc": NaN,
                    "Accuracy": 1.0,
                    "BalancedAccuracy": NaN,
                    "Node%": 100.0,
                    "Population%": 2.586206896551724,
                    "Mean confidence level": 66.20274462136958,
                    "Positive%": 0.0
                },
                "detectron_results": null
            }
        ],
        "30": [
            {
                "id": 5,
                "path": [
                    "*",
                    "Age <= -0.47749535739421844",
                    "BloodPressure <= 0.4599476158618927",
                    "BMI > -0.006243214942514896"
                ],
                "value": 0.6845547548209627,
                "metrics": {
                    "Auc": NaN,
                    "Accuracy": NaN,
                    "BalancedAccuracy": NaN,
                    "Node%": 0.0,
                    "Population%": 12.931034482758621,
                    "Mean confidence level": NaN,
                    "Positive%": NaN
                },
                "detectron_results": null
            }
        ],
        "29": [],
        "28": [],
        "27": [],
        "26": [],
        "25": [],
        "24": [],
        "23": [],
        "21": [],
        "20": [],
        "19": [],
        "18": [
            {
                "id": 12,
                "path": [
                    "*",
                    "Age > -0.47749535739421844",
                    "Glucose <= -1.1047597527503967",
                    "BMI > 0.30946674942970276"
                ],
                "value": 0.787328691445291,
                "metrics": {
                    "Auc": NaN,
                    "Accuracy": 1.0,
                    "BalancedAccuracy": NaN,
                    "Node%": 100.0,
                    "Population%": 1.7241379310344827,
                    "Mean confidence level": 77.24582248367369,
                    "Positive%": 0.0
                },
                "detectron_results": null
            },
            {
                "id": 10,