{
    "reference": {
        "Auc": 0.8214399490283529,
        "Accuracy": 0.7844827586206896
    },
    "test": {
        "Auc": 0.7817776361898694,
        "Accuracy": 0.7068965517241379
    }
}