{
    "IPC_evaluation": {
        "MSE": 0.010840674723925683,
        "RMSE": 0.10411856090018572
    },
    "APC_evaluation": {
        "MSE": 0.012675477497452561,
        "RMSE": 0.11258542311264172
    }
}