{
    "IPC_evaluation1": {
        "MSE": 0.0034142998933888416,
        "RMSE": 0.058432010862102306
    },
    "IPC_evaluation2": {
        "MSE": 0.004966091269036269,
        "RMSE": 0.07047049928187162
    },
    "APC_evaluation1": {
        "MSE": 0.014918322555156549,
        "RMSE": 0.12214058520883445
    },
    "APC_evaluation2": {
        "MSE": 0.014314825911583692,
        "RMSE": 0.11964458162233546
    }
}